<?xml version="1.0"?>
<!DOCTYPE hibernate-mapping PUBLIC
	"-Hibernate/Hibernate Mapping DTD 3.0//EN//"
	"http://hibernate.sourceforge.net/hibernate-mapping-3.0.dtd">
	
	<hibernate-mapping package="vaint.wyt.db">
		<class name="User" table="user">
			<id name="userId" column="user_id">
				<generator class="assigned"/>
			</id>
			
			<property name="name" type="string" length="25" />
			<property name="gender" type="string" length="10" />
			<property name="password" type="string" length="20"/>
			<property name="photo" type="text" length="2147483647"/>
			
		</class>
		
	</hibernate-mapping>